{"temp":"absolute","bg":126,"tick":-4,"eventualBG":113,"snoozeBG":113,"predBGs":{"IOB":[126,118,112,106,101,98,95,93,91,90,90,90,91,93,95,97,99,102,105,108,111,113,116,119,121,123,125,126,128,129,130,131,132,132,133,133,133,134]},"COB":0,"IOB":0.08,"reason":"COB: 0, Dev: -6, BGI: -6.66, ISF: 90, Target: 115; Eventual BG 113 < 115, 28m@-0.750 = -0.350 < req -0.044444444444444446-0.22499999999999998","duration":30,"rate":0.65}
