{"temp":"absolute","bg":113,"tick":"+1","eventualBG":114,"snoozeBG":114,"predBGs":{"IOB":[113,110,108,106,105,104,104,103,104,104,105,106,107,109,111,113,115,117,119,121,123,124,126,128,129,130,131,132,133,134,135,135,136,136,137]},"COB":0,"IOB":-0.189,"reason":"COB: 0, Dev: -16, BGI: -0.22, ISF: 90, Target: 115; Eventual BG 114 < 115, 22m@-0.750 = -0.275 < req -0.022222222222222223-0.22499999999999998","duration":30,"rate":0.7}
