{
  "bg": 102, 
  "temp": "absolute", 
  "snoozeBG": 119, 
  "recieved": true, 
  "predBGs": {
    "IOB": [
      102, 
      103, 
      104, 
      105, 
      105, 
      106, 
      108, 
      109, 
      110, 
      112, 
      113, 
      115, 
      117, 
      119, 
      121, 
      123, 
      124, 
      126, 
      128, 
      130, 
      131, 
      133, 
      134, 
      136, 
      137, 
      138, 
      139, 
      140, 
      141, 
      142, 
      142, 
      143, 
      143, 
      144, 
      144, 
      144, 
      145
    ]
  }, 
  "reason": "COB: 0, Dev: -12, BGI: 2.67, ISF: 99, Target: 120; Eventual BG 119 < 120, 27m@-0.450 = -0.203 < req -0.020222446916076844-0.135", 
  "rate": 0.4, 
  "COB": 0, 
  "eventualBG": 119, 
  "timestamp": "2016-09-18T04:19:39.934066", 
  "duration": 30, 
  "tick": "+7", 
  "IOB": -0.317
}