{
  "bg": 156, 
  "temp": "absolute", 
  "snoozeBG": 147, 
  "recieved": true, 
  "predBGs": {
    "COB": [
      156, 
      161, 
      165, 
      169, 
      172, 
      175, 
      177, 
      179, 
      180, 
      181, 
      182, 
      182, 
      182, 
      182, 
      181, 
      180, 
      179, 
      177, 
      175, 
      173, 
      171, 
      169, 
      167, 
      165, 
      164, 
      162, 
      160, 
      159, 
      157, 
      156, 
      155, 
      153, 
      152, 
      150, 
      149, 
      148, 
      147
    ], 
    "aCOB": [
      156, 
      158, 
      160, 
      162, 
      163, 
      164, 
      164, 
      165, 
      165, 
      164, 
      163, 
      163, 
      162, 
      160, 
      159, 
      158, 
      156, 
      154, 
      152, 
      150, 
      148, 
      146, 
      145, 
      144, 
      143, 
      142, 
      141, 
      141, 
      141, 
      141, 
      141, 
      141, 
      142, 
      142, 
      143, 
      144
    ], 
    "IOB": [
      156, 
      160, 
      163, 
      165, 
      165, 
      165, 
      163, 
      160, 
      156, 
      151, 
      145, 
      137, 
      129, 
      121, 
      113, 
      106, 
      98, 
      90, 
      82, 
      74, 
      67, 
      60, 
      54, 
      48, 
      43, 
      39
    ]
  }, 
  "rate": 2.375, 
  "reason": "COB: 42, Dev: 76, BGI: -7.64, ISF: 80.8, Target: 80; Eventual BG 147 >= 80, 27m@2.250 = 1.012 > req 0.8292079207920793+0.1U. Setting temp basal of 2.4U/hr", 
  "COB": 42, 
  "eventualBG": 147, 
  "timestamp": "2016-08-05T21:49:25.924105", 
  "duration": 30, 
  "tick": "+5", 
  "IOB": 1.577
}