{
  "bg": 116, 
  "temp": "absolute", 
  "snoozeBG": 112, 
  "recieved": true, 
  "predBGs": {
    "IOB": [
      116, 
      117, 
      118, 
      119, 
      120, 
      120, 
      121, 
      121, 
      121, 
      121, 
      120, 
      120, 
      119, 
      118, 
      117, 
      116, 
      115, 
      114, 
      113, 
      112, 
      111, 
      110, 
      109, 
      108, 
      107, 
      107, 
      106, 
      105, 
      104, 
      104, 
      103, 
      103, 
      103, 
      102
    ]
  }, 
  "rate": 0.675, 
  "reason": "COB: 0, Dev: 2, BGI: 0.65, ISF: 72.7, Target: 110; Eventual BG 112 >= 110, 15m@0.650 = 0.163 > req 0.027510316368638238+0.1U. Setting temp basal of 0.7U/hr", 
  "COB": 0, 
  "eventualBG": 112, 
  "timestamp": "2016-08-08T12:58:58.535419", 
  "duration": 30, 
  "tick": "+1", 
  "IOB": 0.083
}