{
  "bg": 112, 
  "temp": "absolute", 
  "snoozeBG": 111, 
  "recieved": true, 
  "predBGs": {
    "COB": [
      112, 
      113, 
      114, 
      115, 
      116, 
      117, 
      118, 
      119, 
      120, 
      120, 
      121, 
      121, 
      120, 
      119, 
      118, 
      117, 
      116, 
      114, 
      112, 
      111, 
      109, 
      107, 
      106, 
      104, 
      103, 
      102, 
      100, 
      99, 
      98, 
      98, 
      97, 
      96
    ], 
    "aCOB": [
      112, 
      121, 
      129, 
      135, 
      140, 
      144, 
      146, 
      147, 
      147, 
      147, 
      147, 
      146, 
      146, 
      144, 
      143, 
      141, 
      139, 
      137, 
      135, 
      133, 
      131, 
      129, 
      127, 
      125, 
      123, 
      121, 
      120, 
      118, 
      117, 
      116, 
      115, 
      114, 
      113, 
      113, 
      112, 
      112, 
      111
    ], 
    "IOB": [
      112, 
      113, 
      114, 
      115, 
      116, 
      117, 
      117, 
      118, 
      118, 
      119, 
      119, 
      118, 
      117, 
      116, 
      114, 
      113, 
      111, 
      109, 
      107, 
      105, 
      102, 
      100, 
      98, 
      96, 
      95, 
      93, 
      91, 
      90, 
      89, 
      87, 
      86, 
      85, 
      85, 
      84, 
      84, 
      83
    ]
  }, 
  "rate": 0.975, 
  "reason": "COB: 8, Dev: 3, BGI: 0.5, ISF: 72.1, Target: 110; Eventual BG 111 >= 110, 30m@0.550 = 0.275 > req 0.013869625520110958+0.1U. Setting temp basal of 0.975U/hr", 
  "COB": 8, 
  "eventualBG": 111, 
  "timestamp": "2016-08-07T22:37:25.979155", 
  "duration": 30, 
  "tick": "+1", 
  "IOB": 0.05
}