{
  "bg": 120, 
  "temp": "absolute", 
  "snoozeBG": 143, 
  "recieved": true, 
  "predBGs": {
    "COB": [
      120, 
      123, 
      126, 
      129, 
      132, 
      134, 
      137, 
      139, 
      141, 
      143, 
      144, 
      145, 
      147, 
      148, 
      148, 
      149, 
      150, 
      150, 
      151, 
      151, 
      152, 
      153, 
      153, 
      154, 
      154, 
      155, 
      155, 
      156, 
      157, 
      158, 
      159, 
      160, 
      161, 
      162, 
      163, 
      165, 
      166
    ], 
    "aCOB": [
      120, 
      129, 
      137, 
      146, 
      153, 
      161, 
      167, 
      173, 
      179, 
      184, 
      188, 
      192, 
      195, 
      198, 
      200, 
      202, 
      203, 
      204, 
      205, 
      205, 
      205, 
      204, 
      203, 
      202, 
      201, 
      199, 
      197, 
      196, 
      195, 
      193, 
      192, 
      191, 
      190, 
      190, 
      189, 
      189, 
      188
    ], 
    "IOB": [
      120, 
      123, 
      125, 
      127, 
      129, 
      131, 
      131, 
      132, 
      132, 
      131, 
      130, 
      129, 
      127, 
      125, 
      123, 
      121, 
      118, 
      116, 
      114, 
      112, 
      110, 
      108, 
      106, 
      104, 
      102, 
      101, 
      99, 
      98, 
      96, 
      95, 
      94, 
      93, 
      92, 
      91, 
      91, 
      90
    ]
  }, 
  "rate": 1.125, 
  "reason": "COB: 23, Dev: 22, BGI: -0.69, ISF: 86, Target: 119; Eventual BG 166 >= 119, 25m@1.025 = 0.427 > req 0.27906976744186046+0.1U. Setting temp basal of 1.15U/hr", 
  "COB": 23, 
  "eventualBG": 166, 
  "timestamp": "2016-08-04T15:55:43.715071", 
  "duration": 30, 
  "tick": "+3", 
  "IOB": 0.181
}