{
  "bg": 127, 
  "temp": "absolute", 
  "snoozeBG": 123, 
  "recieved": true, 
  "predBGs": {
    "COB": [
      127, 
      127, 
      124, 
      119, 
      115, 
      111, 
      107, 
      103, 
      99, 
      95, 
      91, 
      88, 
      85, 
      82, 
      79, 
      76, 
      73, 
      71, 
      68, 
      66, 
      65, 
      63, 
      62, 
      61, 
      60, 
      59, 
      58, 
      57, 
      56, 
      56, 
      55, 
      55, 
      54, 
      54, 
      54, 
      53
    ], 
    "aCOB": [
      127, 
      127, 
      122, 
      118, 
      114, 
      109, 
      105, 
      101, 
      98, 
      94, 
      90, 
      87, 
      84, 
      80, 
      77, 
      75, 
      72, 
      69, 
      67, 
      65, 
      63, 
      62, 
      61, 
      60, 
      59, 
      58, 
      57, 
      56, 
      55, 
      55, 
      54, 
      53, 
      53, 
      53, 
      52
    ], 
    "IOB": [
      127, 
      130, 
      131, 
      133, 
      134, 
      134, 
      134, 
      133, 
      132, 
      130, 
      128, 
      125, 
      122, 
      119, 
      116, 
      113, 
      110, 
      108, 
      105, 
      103, 
      102, 
      100, 
      99, 
      98, 
      97, 
      96, 
      95, 
      94, 
      93, 
      93, 
      92, 
      92, 
      91, 
      91, 
      91, 
      90
    ]
  }, 
  "rate": 0.675, 
  "reason": "COB: 2, Dev: 47, BGI: -4.61, ISF: 75.5, Target: 112; Eventual BG 117 >= 112, 24m@0.675 = 0.270 > req 0.06622516556291391+0.1U. Setting temp basal of 0.7U/hr", 
  "COB": 2, 
  "eventualBG": 117, 
  "timestamp": "2016-08-08T09:54:59.451553", 
  "duration": 30, 
  "tick": "+5", 
  "IOB": 0.749
}