{
  "bg": 142, 
  "temp": "absolute", 
  "snoozeBG": 129, 
  "recieved": true, 
  "predBGs": {
    "IOB": [
      142, 
      143, 
      144, 
      145, 
      145, 
      146, 
      146, 
      146, 
      146, 
      145, 
      144, 
      143, 
      141, 
      139, 
      137, 
      134, 
      132, 
      129, 
      126, 
      123, 
      120, 
      118, 
      115, 
      113, 
      110, 
      108, 
      106, 
      104, 
      103, 
      101, 
      100, 
      99, 
      98, 
      97, 
      97, 
      96
    ]
  }, 
  "rate": 0.75, 
  "reason": "COB: 0, Dev: 0, BGI: 1.06, ISF: 85.1, Target: 119; Eventual BG 129 >= 119, 21m@1.225 = 0.429 > req 0.11750881316098709+0.1U. Setting temp basal of 0.75U/hr", 
  "COB": 0, 
  "eventualBG": 129, 
  "timestamp": "2016-08-02T07:38:52.556925", 
  "duration": 30, 
  "tick": "+1", 
  "IOB": 0.148
}