{
  "bg": 84, 
  "temp": "absolute", 
  "snoozeBG": 114, 
  "recieved": true, 
  "predBGs": {
    "IOB": [
      84, 
      84, 
      85, 
      86, 
      87, 
      88, 
      89, 
      91, 
      93, 
      95, 
      97, 
      100, 
      103, 
      105, 
      108, 
      110, 
      112, 
      114, 
      116, 
      118, 
      120, 
      122, 
      123, 
      124, 
      126, 
      127, 
      128, 
      128, 
      129, 
      130, 
      130, 
      131, 
      131, 
      131, 
      131, 
      132
    ]
  }, 
  "rate": 0.5, 
  "reason": "COB: 0, Dev: -16, BGI: 2.61, ISF: 90, Target: 115; Eventual BG 114 < 115, 22m@-0.550 = -0.202 < req -0.022222222222222223-0.165", 
  "COB": 0, 
  "eventualBG": 114, 
  "timestamp": "2016-09-04T03:44:26.541284", 
  "duration": 30, 
  "tick": "+4", 
  "IOB": -0.51
}