{
  "bg": 174, 
  "temp": "absolute", 
  "snoozeBG": 124, 
  "recieved": true, 
  "predBGs": {
    "COB": [
      174, 
      175, 
      175, 
      174, 
      174, 
      172, 
      170, 
      168, 
      166, 
      163, 
      159, 
      156, 
      152, 
      148, 
      144, 
      140, 
      136, 
      132, 
      128, 
      125, 
      121, 
      118, 
      115, 
      112, 
      110, 
      108, 
      106, 
      104, 
      103, 
      102, 
      101, 
      100, 
      99, 
      99, 
      98
    ], 
    "aCOB": [
      174, 
      179, 
      182, 
      184, 
      183, 
      181, 
      177, 
      173, 
      168, 
      164, 
      159, 
      154, 
      150, 
      146, 
      142, 
      138, 
      134, 
      130, 
      126, 
      122, 
      118, 
      115, 
      112, 
      110, 
      107, 
      105, 
      103, 
      101, 
      100, 
      99, 
      98, 
      97, 
      97, 
      96, 
      96, 
      95
    ], 
    "IOB": [
      174, 
      175, 
      175, 
      174, 
      173, 
      171, 
      169, 
      166, 
      163, 
      160, 
      156, 
      152, 
      148, 
      143, 
      139, 
      135, 
      131, 
      127, 
      123, 
      119, 
      116, 
      113, 
      110, 
      107, 
      105, 
      102, 
      101, 
      99, 
      98, 
      96, 
      95, 
      95, 
      94, 
      93
    ]
  }, 
  "rate": 1.1, 
  "reason": "COB: 7, Dev: 27, BGI: -3.52, ISF: 73.4, Target: 110; Eventual BG 124 >= 110, 22m@1.000 = 0.367 > req 0.19073569482288827+0.1U. Setting temp basal of 1.1U/hr", 
  "COB": 7, 
  "eventualBG": 124, 
  "timestamp": "2016-08-06T16:03:33.625981", 
  "duration": 30, 
  "tick": "+1", 
  "IOB": 1.052
}