{
  "bg": 114, 
  "temp": "absolute", 
  "snoozeBG": 115, 
  "recieved": true, 
  "predBGs": {
    "COB": [
      114, 
      118, 
      121, 
      122, 
      123, 
      122, 
      120, 
      118, 
      116, 
      114, 
      112, 
      110, 
      108, 
      105, 
      103, 
      101, 
      99, 
      97, 
      95, 
      93, 
      92, 
      91, 
      91, 
      91, 
      91, 
      92, 
      93, 
      95, 
      97, 
      98, 
      100, 
      102, 
      103, 
      105, 
      106, 
      108, 
      109
    ], 
    "aCOB": [
      114, 
      120, 
      125, 
      129, 
      131, 
      132, 
      132, 
      131, 
      131, 
      130, 
      129, 
      128, 
      126, 
      125, 
      123, 
      122, 
      120, 
      119, 
      117, 
      116, 
      115, 
      114, 
      113, 
      113, 
      113, 
      113, 
      114, 
      115, 
      116, 
      116, 
      117, 
      117, 
      118, 
      118, 
      118, 
      118, 
      117
    ], 
    "IOB": [
      114, 
      117, 
      119, 
      119, 
      118, 
      115, 
      110, 
      105, 
      99, 
      93, 
      86, 
      78, 
      70, 
      62, 
      55, 
      47, 
      40, 
      39
    ]
  }, 
  "rate": 1.175, 
  "reason": "COB: 33, Dev: 46, BGI: -3.69, ISF: 87.9, Target: 80; Eventual BG 109 >= 80, 27m@1.075 = 0.484 > req 0.32992036405005687+0.1U. Setting temp basal of 1.2U/hr", 
  "COB": 33, 
  "eventualBG": 109, 
  "timestamp": "2016-08-03T13:25:14.749458", 
  "duration": 30, 
  "tick": "+4", 
  "IOB": 1.534
}