{
  "bg": 86, 
  "temp": "absolute", 
  "snoozeBG": 113, 
  "recieved": true, 
  "predBGs": {
    "IOB": [
      86, 
      85, 
      84, 
      84, 
      84, 
      84, 
      85, 
      86, 
      87, 
      89, 
      91, 
      94, 
      96, 
      99, 
      101, 
      104, 
      106, 
      109, 
      111, 
      113, 
      115, 
      117, 
      118, 
      120, 
      121, 
      122, 
      123, 
      124, 
      125, 
      125, 
      126, 
      126, 
      127
    ]
  }, 
  "reason": "COB: 0, Dev: -13, BGI: 0.79, ISF: 88, Target: 114; Eventual BG 113 < 114, 21m@-0.550 = -0.193 < req -0.022675736961451247-0.165", 
  "rate": 0.5, 
  "COB": 0, 
  "eventualBG": 113, 
  "timestamp": "2016-09-25T07:13:22.473600", 
  "duration": 30, 
  "tick": "+1", 
  "IOB": -0.448
}