{
  "bg": 129, 
  "temp": "absolute", 
  "snoozeBG": 114, 
  "recieved": true, 
  "predBGs": {
    "IOB": [
      129, 
      129, 
      129, 
      129, 
      128, 
      128, 
      127, 
      127, 
      126, 
      125, 
      124, 
      123, 
      122, 
      121, 
      120, 
      118, 
      117, 
      116, 
      115, 
      114, 
      113, 
      112, 
      110, 
      110, 
      109, 
      108, 
      107, 
      107, 
      106, 
      106, 
      105, 
      105, 
      105, 
      104
    ]
  }, 
  "rate": 0.575, 
  "reason": "COB: 0, Dev: 0, BGI: -0.07, ISF: 74.8, Target: 111; Eventual BG 114 >= 111, 26m@0.350 = 0.152 > req 0.040106951871657755+0.1U. Setting temp basal of 0.6U/hr", 
  "COB": 0, 
  "eventualBG": 114, 
  "timestamp": "2016-08-09T05:10:14.308211", 
  "duration": 30, 
  "tick": "+0", 
  "IOB": 0.194
}