{
  "bg": 141, 
  "temp": "absolute", 
  "snoozeBG": 127, 
  "recieved": true, 
  "predBGs": {
    "IOB": [
      141, 
      138, 
      136, 
      133, 
      131, 
      129, 
      127, 
      126, 
      125, 
      124, 
      123, 
      123, 
      124, 
      124, 
      124, 
      125, 
      125, 
      126, 
      127, 
      127, 
      128, 
      129, 
      130, 
      130, 
      131, 
      132, 
      133, 
      133, 
      134, 
      135, 
      135, 
      136, 
      136, 
      136, 
      137
    ]
  }, 
  "rate": 0.325, 
  "reason": "COB: 0, Dev: -12, BGI: 0.39, ISF: 112.5, Target: 129; Eventual BG 127 < 129, 28m@-0.350 = -0.163 < req -0.035555555555555556-0.12", 
  "COB": 0, 
  "eventualBG": 127, 
  "timestamp": "2016-08-17T05:54:32.521341", 
  "duration": 30, 
  "tick": -3, 
  "IOB": 0.021
}