{
  "bg": 120, 
  "temp": "absolute", 
  "snoozeBG": 177, 
  "recieved": true, 
  "predBGs": {
    "IOB": [
      120, 
      124, 
      128, 
      132, 
      135, 
      137, 
      139, 
      140, 
      141, 
      141, 
      140, 
      139, 
      136, 
      134, 
      130, 
      127, 
      123, 
      119, 
      115, 
      111, 
      107, 
      104, 
      100, 
      97, 
      93, 
      90, 
      88, 
      85, 
      83, 
      81, 
      79, 
      77, 
      75, 
      74, 
      73, 
      72
    ]
  }, 
  "rate": 1.25, 
  "reason": "COB: 0, Dev: 31, BGI: -0.43, ISF: 66.7, Target: 106; Eventual BG 117 >= 106, 27m@1.350 = 0.608 > req 0.1649175412293853+0.1U. Setting temp basal of 1.25U/hr", 
  "COB": 0, 
  "eventualBG": 117, 
  "timestamp": "2016-08-06T19:46:11.183377", 
  "duration": 30, 
  "tick": "+6", 
  "IOB": 0.503
}