{
  "bg": 125, 
  "temp": "absolute", 
  "snoozeBG": 108, 
  "recieved": true, 
  "predBGs": {
    "COB": [
      125, 
      128, 
      130, 
      130, 
      130, 
      129, 
      127, 
      126, 
      125, 
      123, 
      122, 
      120, 
      119, 
      117, 
      116, 
      114, 
      112, 
      111, 
      109, 
      108, 
      107, 
      105, 
      104, 
      104, 
      103, 
      103, 
      103, 
      103, 
      102, 
      102, 
      101, 
      100, 
      100, 
      99, 
      99, 
      98
    ], 
    "aCOB": [
      125, 
      128, 
      130, 
      131, 
      131, 
      130, 
      129, 
      127, 
      126, 
      125, 
      124, 
      122, 
      121, 
      119, 
      118, 
      116, 
      114, 
      113, 
      111, 
      110, 
      108, 
      107, 
      106, 
      105, 
      104, 
      104, 
      104, 
      103, 
      102, 
      102, 
      101, 
      100, 
      99, 
      99, 
      98
    ], 
    "IOB": [
      125, 
      127, 
      128, 
      128, 
      125, 
      121, 
      117, 
      113, 
      107, 
      102, 
      95, 
      89, 
      81, 
      74, 
      68, 
      61, 
      55, 
      49, 
      44, 
      39
    ]
  }, 
  "rate": 1.175, 
  "reason": "COB: 31, Dev: 58, BGI: -6.48, ISF: 74.1, Target: 80; Eventual BG 98 >= 80, 26m@0.800 = 0.347 > req 0.24291497975708504+0.1U. Setting temp basal of 1.2U/hr", 
  "COB": 31, 
  "eventualBG": 98, 
  "timestamp": "2016-08-08T14:54:18.985629", 
  "duration": 30, 
  "tick": "+6", 
  "IOB": 1.806
}