{
  "bg": 151, 
  "temp": "absolute", 
  "snoozeBG": 130, 
  "recieved": true, 
  "predBGs": {
    "IOB": [
      151, 
      152, 
      153, 
      153, 
      154, 
      154, 
      154, 
      153, 
      152, 
      151, 
      149, 
      147, 
      145, 
      143, 
      140, 
      137, 
      134, 
      132, 
      129, 
      126, 
      124, 
      121, 
      119, 
      117, 
      115, 
      113, 
      111, 
      110, 
      108, 
      107, 
      106, 
      105, 
      104, 
      104, 
      103
    ]
  }, 
  "rate": 0.975, 
  "reason": "COB: 0, Dev: 7, BGI: -0.19, ISF: 76.9, Target: 113; Eventual BG 130 >= 113, 24m@0.850 = 0.340 > req 0.22106631989596878+0.1U. Setting temp basal of 0.975U/hr", 
  "COB": 0, 
  "eventualBG": 130, 
  "timestamp": "2016-08-08T06:29:58.113641", 
  "duration": 30, 
  "tick": "+1", 
  "IOB": 0.366
}