{
  "bg": 177, 
  "temp": "absolute", 
  "snoozeBG": 139, 
  "recieved": true, 
  "predBGs": {
    "COB": [
      177, 
      178, 
      178, 
      177, 
      176, 
      174, 
      171, 
      167, 
      163, 
      158, 
      153, 
      148, 
      143, 
      138, 
      134, 
      129, 
      125, 
      121, 
      117, 
      114, 
      111, 
      109, 
      108, 
      107, 
      106, 
      106, 
      107, 
      108, 
      109, 
      111, 
      113, 
      115, 
      118, 
      120, 
      123, 
      125, 
      128
    ], 
    "aCOB": [
      177, 
      180, 
      183, 
      185, 
      186, 
      186, 
      185, 
      183, 
      181, 
      178, 
      175, 
      171, 
      168, 
      165, 
      161, 
      158, 
      155, 
      152, 
      149, 
      147, 
      145, 
      144, 
      143, 
      142, 
      142, 
      142, 
      143, 
      144, 
      145, 
      147, 
      149, 
      151, 
      153, 
      155, 
      157, 
      158, 
      160
    ], 
    "IOB": [
      177, 
      177, 
      176, 
      174, 
      171, 
      166, 
      160, 
      153, 
      145, 
      136, 
      126, 
      115, 
      104, 
      94, 
      83, 
      73, 
      63, 
      54, 
      45, 
      39
    ]
  }, 
  "rate": 1.625, 
  "reason": "COB: 59, Dev: 44, BGI: -6.34, ISF: 65, Target: 105; Eventual BG 128 >= 105, 27m@1.775 = 0.799 > req 0.35384615384615387+0.1U. Setting temp basal of 1.65U/hr", 
  "COB": 59, 
  "eventualBG": 128, 
  "timestamp": "2016-08-06T20:58:04.287856", 
  "duration": 30, 
  "tick": "+1", 
  "IOB": 2.675
}