{
  "bg": 118, 
  "temp": "absolute", 
  "snoozeBG": 177, 
  "recieved": true, 
  "predBGs": {
    "COB": [
      118, 
      121, 
      125, 
      128, 
      131, 
      134, 
      137, 
      140, 
      142, 
      144, 
      146, 
      148, 
      148, 
      148, 
      148, 
      147, 
      145, 
      144, 
      143, 
      141, 
      140, 
      139, 
      138, 
      137, 
      137, 
      136, 
      136, 
      136, 
      136, 
      137, 
      137, 
      138, 
      139, 
      140, 
      141, 
      143, 
      145
    ], 
    "aCOB": [
      118, 
      124, 
      129, 
      135, 
      140, 
      145, 
      150, 
      154, 
      159, 
      162, 
      166, 
      168, 
      170, 
      171, 
      171, 
      171, 
      170, 
      170, 
      169, 
      168, 
      167, 
      165, 
      164, 
      163, 
      163, 
      162, 
      161, 
      160, 
      160, 
      159, 
      159, 
      158, 
      158, 
      158, 
      158, 
      157
    ], 
    "IOB": [
      118, 
      121, 
      123, 
      125, 
      126, 
      127, 
      127, 
      126, 
      125, 
      123, 
      121, 
      117, 
      112, 
      106, 
      100, 
      94, 
      88, 
      81, 
      75, 
      69, 
      64, 
      58, 
      53, 
      48, 
      44, 
      40, 
      39
    ]
  }, 
  "rate": 1.425, 
  "reason": "COB: 38, Dev: 44, BGI: -3.96, ISF: 78.4, Target: 114; Eventual BG 145 >= 114, 27m@1.450 = 0.652 > req 0.3954081632653061+0.1U. Setting temp basal of 1.45U/hr", 
  "COB": 38, 
  "eventualBG": 145, 
  "timestamp": "2016-08-01T14:39:13.352334", 
  "duration": 30, 
  "tick": "+5", 
  "IOB": 1.119
}