{
  "bg": 191, 
  "temp": "absolute", 
  "snoozeBG": 110, 
  "recieved": true, 
  "predBGs": {
    "COB": [
      191, 
      191, 
      190, 
      189, 
      188, 
      186, 
      183, 
      180, 
      176, 
      173, 
      168, 
      164, 
      159, 
      154, 
      150, 
      145, 
      140, 
      136, 
      132, 
      128, 
      124, 
      121, 
      118, 
      116, 
      114, 
      113, 
      111, 
      111, 
      110, 
      110, 
      111, 
      111, 
      112, 
      113, 
      114, 
      115, 
      116
    ], 
    "aCOB": [
      191, 
      196, 
      201, 
      205, 
      208, 
      210, 
      211, 
      212, 
      211, 
      211, 
      209, 
      207, 
      205, 
      202, 
      199, 
      195, 
      191, 
      188, 
      184, 
      180, 
      176, 
      173, 
      169, 
      166, 
      162, 
      159, 
      156, 
      153, 
      150, 
      148, 
      146, 
      144, 
      143, 
      142, 
      141, 
      140, 
      139
    ], 
    "IOB": [
      191, 
      191, 
      190, 
      188, 
      185, 
      181, 
      177, 
      172, 
      166, 
      159, 
      152, 
      145, 
      136, 
      128, 
      120, 
      112, 
      104, 
      97, 
      89, 
      82, 
      76, 
      70, 
      64, 
      59, 
      55, 
      50, 
      47, 
      44, 
      41, 
      39
    ]
  }, 
  "rate": 1.175, 
  "reason": "COB: 34, Dev: 26, BGI: -4.26, ISF: 65, Target: 105; Eventual BG 116 >= 105, 28m@1.575 = 0.735 > req 0.07692307692307693+0.1U. Setting temp basal of 1.2U/hr", 
  "COB": 34, 
  "eventualBG": 116, 
  "timestamp": "2016-08-06T23:44:24.104532", 
  "duration": 30, 
  "tick": "+0", 
  "IOB": 1.945
}