{
  "bg": 233, 
  "temp": "absolute", 
  "snoozeBG": 166, 
  "recieved": true, 
  "predBGs": {
    "IOB": [
      233, 
      232, 
      231, 
      229, 
      227, 
      223, 
      219, 
      214, 
      209, 
      202, 
      195, 
      188, 
      180, 
      172, 
      164, 
      157, 
      150, 
      143, 
      137, 
      131, 
      125, 
      120, 
      115, 
      111, 
      107, 
      103, 
      100, 
      97, 
      94, 
      92, 
      90, 
      89, 
      88, 
      87, 
      86, 
      85
    ]
  }, 
  "rate": 1.8, 
  "reason": "COB: 0, Dev: 42, BGI: -7.02, ISF: 70.2, Target: 108; Eventual BG 144 >= 108, 22m@1.850 = 0.678 > req 0.5128205128205128+0.1U. Setting temp basal of 1.8U/hr", 
  "COB": 0, 
  "eventualBG": 144, 
  "timestamp": "2016-08-09T17:38:14.312958", 
  "duration": 30, 
  "tick": "+0", 
  "IOB": 1.869
}