{
  "bg": 127, 
  "temp": "absolute", 
  "snoozeBG": 129, 
  "recieved": true, 
  "predBGs": {
    "COB": [
      127, 
      130, 
      133, 
      136, 
      139, 
      142, 
      145, 
      147, 
      149, 
      151, 
      152, 
      153, 
      152, 
      152, 
      151, 
      149, 
      147, 
      145, 
      143, 
      141, 
      139, 
      137, 
      135, 
      133, 
      132, 
      131, 
      130, 
      130, 
      129, 
      130, 
      130, 
      131, 
      132, 
      133, 
      135, 
      137, 
      139
    ], 
    "aCOB": [
      127, 
      135, 
      143, 
      151, 
      159, 
      166, 
      173, 
      179, 
      185, 
      191, 
      195, 
      199, 
      202, 
      204, 
      206, 
      207, 
      208, 
      208, 
      208, 
      208, 
      207, 
      206, 
      206, 
      206, 
      205, 
      205, 
      205, 
      205, 
      205, 
      205, 
      206, 
      206, 
      207, 
      208, 
      209, 
      210
    ], 
    "IOB": [
      127, 
      130, 
      132, 
      134, 
      136, 
      137, 
      138, 
      138, 
      137, 
      136, 
      133, 
      130, 
      126, 
      121, 
      116, 
      111, 
      105, 
      99, 
      93, 
      87, 
      81, 
      75, 
      70, 
      65, 
      60, 
      56, 
      51, 
      48, 
      44, 
      41, 
      39
    ]
  }, 
  "rate": 1.35, 
  "reason": "COB: 50, Dev: 28, BGI: -1.71, ISF: 69.6, Target: 108; Eventual BG 139 >= 108, 28m@2.250 = 1.050 > req 0.30172413793103453+0.1U. Setting temp basal of 1.35U/hr", 
  "COB": 50, 
  "eventualBG": 139, 
  "timestamp": "2016-08-07T19:02:48.212928", 
  "duration": 30, 
  "tick": "+3", 
  "IOB": 0.62
}