{
  "bg": 208, 
  "temp": "absolute", 
  "snoozeBG": 162, 
  "recieved": true, 
  "predBGs": {
    "COB": [
      208, 
      212, 
      214, 
      217, 
      219, 
      220, 
      220, 
      220, 
      219, 
      218, 
      217, 
      215, 
      212, 
      209, 
      206, 
      202, 
      198, 
      193, 
      188, 
      183, 
      178, 
      172, 
      167, 
      163, 
      159, 
      155, 
      152, 
      149, 
      146, 
      144, 
      142, 
      140, 
      139, 
      137, 
      136, 
      136, 
      135
    ], 
    "aCOB": [
      208, 
      210, 
      211, 
      212, 
      212, 
      212, 
      212, 
      211, 
      210, 
      208, 
      206, 
      204, 
      202, 
      199, 
      196, 
      193, 
      190, 
      186, 
      183, 
      179, 
      175, 
      171, 
      167, 
      164, 
      160, 
      156, 
      153, 
      150, 
      147, 
      145, 
      143, 
      141, 
      140, 
      138, 
      137, 
      137, 
      136
    ], 
    "IOB": [
      208, 
      211, 
      213, 
      214, 
      214, 
      213, 
      211, 
      208, 
      204, 
      199, 
      194, 
      187, 
      179, 
      172, 
      165, 
      158, 
      151, 
      144, 
      138, 
      132, 
      126, 
      121, 
      116, 
      111, 
      107, 
      103, 
      100, 
      97, 
      95, 
      92, 
      90, 
      89, 
      87, 
      86, 
      85, 
      84, 
      83
    ]
  }, 
  "rate": 1.875, 
  "reason": "COB: 24, Dev: 72, BGI: -7.84, ISF: 82.5, Target: 117; Eventual BG 162 >= 117, 30m@1.550 = 0.775 > req 0.5454545454545454+0.1U. Setting temp basal of 1.9U/hr", 
  "COB": 24, 
  "eventualBG": 162, 
  "timestamp": "2016-08-05T23:11:58.787800", 
  "duration": 30, 
  "tick": "+14", 
  "IOB": 1.436
}