{
  "bg": 181, 
  "temp": "absolute", 
  "snoozeBG": 129, 
  "recieved": true, 
  "predBGs": {
    "COB": [
      181, 
      181, 
      181, 
      180, 
      179, 
      178, 
      177, 
      175, 
      173, 
      171, 
      169, 
      167, 
      164, 
      162, 
      159, 
      155, 
      152, 
      149, 
      145, 
      142, 
      139, 
      137, 
      134, 
      133, 
      131, 
      130, 
      129, 
      129, 
      129, 
      129, 
      130, 
      131, 
      132, 
      133, 
      135, 
      137, 
      139
    ], 
    "aCOB": [
      181, 
      184, 
      186, 
      188, 
      189, 
      190, 
      191, 
      191, 
      191, 
      191, 
      191, 
      190, 
      189, 
      188, 
      186, 
      184, 
      181, 
      179, 
      176, 
      173, 
      171, 
      169, 
      167, 
      165, 
      164, 
      163, 
      162, 
      161, 
      161, 
      160, 
      160, 
      161, 
      161, 
      161, 
      162, 
      162, 
      163
    ], 
    "IOB": [
      181, 
      180, 
      179, 
      177, 
      174, 
      171, 
      167, 
      162, 
      156, 
      150, 
      143, 
      135, 
      127, 
      119, 
      110, 
      102, 
      93, 
      85, 
      77, 
      68, 
      61, 
      54, 
      47, 
      41, 
      39
    ]
  }, 
  "rate": 2.025, 
  "reason": "COB: 41, Dev: 43, BGI: -7.22, ISF: 81.6, Target: 80; Eventual BG 139 >= 80, 27m@2.175 = 0.979 > req 0.6004901960784315+0.1U. Setting temp basal of 2.05U/hr", 
  "COB": 41, 
  "eventualBG": 139, 
  "timestamp": "2016-08-05T22:02:17.558238", 
  "duration": 30, 
  "tick": "+0", 
  "IOB": 1.612
}