{
  "bg": 134, 
  "temp": "absolute", 
  "snoozeBG": 109, 
  "recieved": true, 
  "predBGs": {
    "IOB": [
      134, 
      129, 
      125, 
      120, 
      116, 
      112, 
      109, 
      106, 
      104, 
      103, 
      101, 
      101, 
      101, 
      101, 
      102, 
      103, 
      104, 
      105, 
      106, 
      107, 
      109, 
      110, 
      112, 
      113, 
      115, 
      116, 
      117, 
      118, 
      119, 
      120, 
      121, 
      122, 
      122, 
      123, 
      123, 
      123, 
      123, 
      123, 
      123, 
      124
    ]
  }, 
  "reason": "COB: 0, Dev: -7, BGI: -3.37, ISF: 81, Target: 110; Eventual BG 109 < 110, 27m@-0.675 = -0.304 < req -0.02466091245376079-0.2025", 
  "rate": 0.625, 
  "COB": 0, 
  "eventualBG": 109, 
  "timestamp": "2016-09-20T12:03:39.896807", 
  "duration": 30, 
  "tick": -5, 
  "IOB": 0.227
}