{
  "bg": 115, 
  "temp": "absolute", 
  "snoozeBG": 118, 
  "recieved": true, 
  "predBGs": {
    "IOB": [
      115, 
      116, 
      117, 
      118, 
      119, 
      119, 
      120, 
      122, 
      123, 
      124, 
      125, 
      126, 
      128, 
      129, 
      130, 
      131, 
      132, 
      134, 
      135, 
      136, 
      137, 
      138, 
      139, 
      140, 
      141, 
      142, 
      143, 
      144, 
      144, 
      145, 
      145, 
      146, 
      146, 
      147, 
      147, 
      147, 
      148
    ]
  }, 
  "reason": "COB: 0, Dev: -15, BGI: 3.19, ISF: 97, Target: 119; Eventual BG 118 < 119, 27m@-0.600 = -0.270 < req -0.02066115702479339-0.18", 
  "rate": 0.55, 
  "COB": 0, 
  "eventualBG": 118, 
  "timestamp": "2016-09-18T01:28:36.069611", 
  "duration": 30, 
  "tick": "+4", 
  "IOB": -0.2
}