{
  "bg": 116, 
  "temp": "absolute", 
  "snoozeBG": 90, 
  "recieved": true, 
  "predBGs": {
    "COB": [
      116, 
      118, 
      119, 
      118, 
      117, 
      114, 
      112, 
      109, 
      107, 
      104, 
      102, 
      99, 
      97, 
      95, 
      92, 
      90, 
      89, 
      87, 
      86, 
      85, 
      84, 
      84, 
      84, 
      85, 
      86, 
      88, 
      90, 
      92, 
      94, 
      96, 
      98, 
      100, 
      102, 
      104, 
      106, 
      108, 
      110
    ], 
    "aCOB": [
      116, 
      121, 
      125, 
      128, 
      129, 
      129, 
      129, 
      129, 
      128, 
      128, 
      127, 
      126, 
      125, 
      124, 
      123, 
      122, 
      121, 
      120, 
      119, 
      119, 
      118, 
      118, 
      118, 
      119, 
      120, 
      121, 
      122, 
      123, 
      124, 
      125, 
      125, 
      126
    ], 
    "IOB": [
      116, 
      117, 
      117, 
      116, 
      113, 
      108, 
      103, 
      97, 
      91, 
      85, 
      78, 
      71, 
      64, 
      56, 
      49, 
      43, 
      39
    ]
  }, 
  "rate": 0.775, 
  "reason": "COB: 32, Dev: 40, BGI: -4.61, ISF: 87.9, Target: 80; Eventual BG 110 >= 80, 27m@0.625 = 0.281 > req 0.11376564277588168+0.1U. Setting temp basal of 0.775U/hr", 
  "COB": 32, 
  "eventualBG": 110, 
  "timestamp": "2016-08-03T13:30:38.616739", 
  "duration": 30, 
  "tick": "+2", 
  "IOB": 1.532
}