{
  "bg": 165, 
  "temp": "absolute", 
  "snoozeBG": 131, 
  "recieved": true, 
  "predBGs": {
    "COB": [
      165, 
      164, 
      164, 
      162, 
      160, 
      158, 
      155, 
      151, 
      148, 
      145, 
      141, 
      138, 
      134, 
      131, 
      127, 
      123, 
      120, 
      116, 
      113, 
      109, 
      106, 
      103, 
      101, 
      98, 
      96, 
      94, 
      92, 
      90, 
      88, 
      87, 
      86, 
      85, 
      84, 
      83, 
      82, 
      82, 
      81
    ], 
    "aCOB": [
      165, 
      166, 
      163, 
      161, 
      158, 
      155, 
      152, 
      148, 
      145, 
      142, 
      138, 
      135, 
      131, 
      128, 
      124, 
      120, 
      117, 
      113, 
      110, 
      106, 
      103, 
      100, 
      98, 
      95, 
      93, 
      91, 
      89, 
      87, 
      85, 
      84, 
      83, 
      82, 
      81, 
      80, 
      79, 
      79, 
      78
    ], 
    "IOB": [
      165, 
      165, 
      164, 
      164, 
      163, 
      161, 
      160, 
      158, 
      156, 
      153, 
      150, 
      147, 
      143, 
      140, 
      136, 
      132, 
      129, 
      125, 
      122, 
      118, 
      115, 
      112, 
      110, 
      107, 
      105, 
      103, 
      101, 
      99, 
      97, 
      96, 
      95, 
      94, 
      93, 
      92, 
      91, 
      91, 
      90
    ]
  }, 
  "rate": 1.3, 
  "reason": "COB: 2, Dev: 18, BGI: -3.02, ISF: 72.7, Target: 110; Eventual BG 131 >= 110, 27m@1.075 = 0.484 > req 0.2888583218707015+0.1U. Setting temp basal of 1.3U/hr", 
  "COB": 2, 
  "eventualBG": 131, 
  "timestamp": "2016-08-08T17:33:20.024670", 
  "duration": 30, 
  "tick": "+0", 
  "IOB": 0.72
}