{
  "requested": {
    "duration": 30, 
    "rate": 0.425, 
    "temp": "absolute"
  }, 
  "bg": 109, 
  "temp": "absolute", 
  "snoozeBG": 77, 
  "timestamp": "2016-09-24T11:08:40.880921", 
  "predBGs": {
    "IOB": [
      109, 
      105, 
      101, 
      98, 
      95, 
      92, 
      89, 
      87, 
      85, 
      84, 
      83, 
      82, 
      82, 
      81, 
      82, 
      82, 
      82, 
      83, 
      84, 
      85, 
      86, 
      87, 
      88, 
      89, 
      90, 
      91, 
      92, 
      93, 
      94, 
      95, 
      96, 
      97, 
      97, 
      98, 
      98, 
      99
    ]
  }, 
  "reason": "COB: 0, Dev: -5, BGI: -3.15, ISF: 97, Target: 80; Eventual BG 77 < 80, 28m@-0.525 = -0.245 < req -0.06198347107438017-0.165", 
  "rate": 0.025, 
  "COB": 0, 
  "eventualBG": 77, 
  "recieved": false, 
  "duration": 27, 
  "tick": -3, 
  "IOB": 0.275
}