{
  "bg": 163, 
  "temp": "absolute", 
  "snoozeBG": 147, 
  "recieved": true, 
  "predBGs": {
    "COB": [
      163, 
      168, 
      173, 
      176, 
      178, 
      180, 
      180, 
      179, 
      177, 
      174, 
      170, 
      165, 
      160, 
      154, 
      149, 
      144, 
      138, 
      133, 
      128, 
      123, 
      118, 
      114, 
      109, 
      105, 
      102, 
      98, 
      95, 
      92, 
      89, 
      87, 
      85, 
      83, 
      81, 
      80, 
      79, 
      78
    ], 
    "aCOB": [
      163, 
      169, 
      174, 
      178, 
      180, 
      182, 
      182, 
      181, 
      178, 
      175, 
      170, 
      165, 
      159, 
      154, 
      149, 
      143, 
      138, 
      133, 
      128, 
      123, 
      118, 
      113, 
      109, 
      105, 
      101, 
      98, 
      94, 
      91, 
      89, 
      86, 
      84, 
      82, 
      81, 
      80, 
      79, 
      78, 
      77
    ], 
    "IOB": [
      163, 
      168, 
      173, 
      176, 
      179, 
      181, 
      181, 
      181, 
      180, 
      177, 
      174, 
      169, 
      164, 
      159, 
      153, 
      148, 
      142, 
      137, 
      132, 
      127, 
      123, 
      118, 
      114, 
      109, 
      106, 
      102, 
      99, 
      96, 
      93, 
      91, 
      89, 
      87, 
      85, 
      84, 
      83, 
      82
    ]
  }, 
  "rate": 1.7, 
  "reason": "COB: 11, Dev: 54, BGI: -3.08, ISF: 73.4, Target: 110; Eventual BG 147 >= 110, 26m@1.825 = 0.791 > req 0.5040871934604905+0.1U. Setting temp basal of 1.7U/hr", 
  "COB": 11, 
  "eventualBG": 147, 
  "timestamp": "2016-08-06T15:40:10.237807", 
  "duration": 30, 
  "tick": "+6", 
  "IOB": 0.957
}