{
  "bg": 154, 
  "temp": "absolute", 
  "snoozeBG": 131, 
  "recieved": true, 
  "predBGs": {
    "COB": [
      154, 
      156, 
      158, 
      160, 
      161, 
      162, 
      162, 
      162, 
      162, 
      161, 
      160, 
      159, 
      157, 
      155, 
      153, 
      151, 
      148, 
      146, 
      143, 
      140, 
      138, 
      136, 
      134, 
      133, 
      131, 
      130, 
      129, 
      127, 
      126, 
      126, 
      125, 
      124, 
      124, 
      123, 
      123, 
      122
    ], 
    "aCOB": [
      154, 
      158, 
      162, 
      165, 
      168, 
      170, 
      171, 
      171, 
      171, 
      170, 
      168, 
      166, 
      163, 
      159, 
      155, 
      152, 
      148, 
      145, 
      142, 
      139, 
      137, 
      135, 
      133, 
      131, 
      130, 
      129, 
      127, 
      126, 
      125, 
      124, 
      123, 
      123, 
      122, 
      122, 
      121
    ], 
    "IOB": [
      154, 
      156, 
      157, 
      158, 
      159, 
      158, 
      157, 
      156, 
      154, 
      151, 
      148, 
      144, 
      140, 
      136, 
      132, 
      128, 
      124, 
      121, 
      118, 
      115, 
      113, 
      111, 
      110, 
      108, 
      106, 
      105, 
      104, 
      103, 
      102, 
      101, 
      100, 
      99, 
      99, 
      98, 
      98, 
      98, 
      97
    ]
  }, 
  "rate": 0.7, 
  "reason": "COB: 13, Dev: 44, BGI: -4.81, ISF: 85.1, Target: 119; Eventual BG 127 >= 119, 22m@0.825 = 0.303 > req 0.09400705052878966+0.1U. Setting temp basal of 0.725U/hr", 
  "COB": 13, 
  "eventualBG": 127, 
  "timestamp": "2016-08-03T09:42:10.808018", 
  "duration": 30, 
  "tick": "+4", 
  "IOB": 0.84
}