{
  "bg": 149, 
  "temp": "absolute", 
  "snoozeBG": 123, 
  "recieved": true, 
  "predBGs": {
    "IOB": [
      149, 
      150, 
      151, 
      151, 
      152, 
      151, 
      151, 
      150, 
      149, 
      148, 
      146, 
      144, 
      142, 
      140, 
      137, 
      134, 
      131, 
      128, 
      125, 
      122, 
      119, 
      117, 
      114, 
      112, 
      110, 
      108, 
      106, 
      105, 
      103, 
      102, 
      101, 
      100, 
      99, 
      99, 
      98
    ]
  }, 
  "rate": 0.525, 
  "reason": "COB: 0, Dev: 0, BGI: 0.97, ISF: 87.9, Target: 120; Eventual BG 123 >= 120, 21m@0.900 = 0.315 > req 0.034129692832764506+0.1U. Setting temp basal of 0.525U/hr", 
  "COB": 0, 
  "eventualBG": 123, 
  "timestamp": "2016-08-03T06:14:40.641307", 
  "duration": 30, 
  "tick": "+1", 
  "IOB": 0.295
}