{
  "bg": 161, 
  "temp": "absolute", 
  "snoozeBG": 136, 
  "recieved": true, 
  "predBGs": {
    "IOB": [
      161, 
      163, 
      164, 
      165, 
      165, 
      165, 
      165, 
      164, 
      162, 
      160, 
      157, 
      154, 
      150, 
      147, 
      143, 
      139, 
      134, 
      130, 
      126, 
      123, 
      119, 
      115, 
      112, 
      109, 
      106, 
      103, 
      101, 
      98, 
      96, 
      94, 
      93, 
      92, 
      90, 
      89, 
      89, 
      88
    ]
  }, 
  "rate": 1.35, 
  "reason": "COB: 0, Dev: 22, BGI: -1.63, ISF: 74.1, Target: 111; Eventual BG 136 >= 111, 21m@1.750 = 0.613 > req 0.33738191632928477+0.1U. Setting temp basal of 1.35U/hr", 
  "COB": 0, 
  "eventualBG": 136, 
  "timestamp": "2016-08-01T18:20:22.775894", 
  "duration": 30, 
  "tick": "+2", 
  "IOB": 0.639
}