{
  "bg": 128, 
  "temp": "absolute", 
  "snoozeBG": 136, 
  "recieved": true, 
  "predBGs": {
    "IOB": [
      128, 
      130, 
      132, 
      134, 
      136, 
      137, 
      139, 
      140, 
      140, 
      141, 
      141, 
      141, 
      140, 
      139, 
      138, 
      137, 
      136, 
      134, 
      132, 
      131, 
      129, 
      127, 
      125, 
      124, 
      122, 
      121, 
      120, 
      118, 
      117, 
      116, 
      115, 
      115, 
      114, 
      113
    ]
  }, 
  "rate": 0.875, 
  "reason": "COB: 0, Dev: 0, BGI: 1.98, ISF: 87.9, Target: 120; Eventual BG 136 >= 120, 24m@0.800 = 0.320 > req 0.1820250284414107+0.1U. Setting temp basal of 0.875U/hr", 
  "COB": 0, 
  "eventualBG": 136, 
  "timestamp": "2016-08-04T07:32:27.829613", 
  "duration": 30, 
  "tick": "+2", 
  "IOB": -0.098
}