{
  "bg": 230, 
  "temp": "absolute", 
  "snoozeBG": 161, 
  "recieved": true, 
  "predBGs": {
    "COB": [
      230, 
      230, 
      230, 
      229, 
      228, 
      226, 
      223, 
      219, 
      215, 
      209, 
      204, 
      197, 
      190, 
      182, 
      174, 
      166, 
      157, 
      148, 
      139, 
      131, 
      123, 
      116, 
      110, 
      104, 
      98, 
      93, 
      89, 
      85, 
      82, 
      79, 
      76, 
      74, 
      72, 
      71, 
      69, 
      69, 
      68
    ], 
    "aCOB": [
      230, 
      230, 
      230, 
      229, 
      227, 
      225, 
      222, 
      218, 
      214, 
      209, 
      203, 
      197, 
      190, 
      182, 
      174, 
      165, 
      157, 
      148, 
      139, 
      131, 
      124, 
      116, 
      110, 
      104, 
      98, 
      93, 
      89, 
      85, 
      82, 
      79, 
      76, 
      74, 
      72, 
      71, 
      70, 
      69, 
      68
    ], 
    "IOB": [
      230, 
      230, 
      230, 
      228, 
      226, 
      222, 
      218, 
      213, 
      206, 
      199, 
      191, 
      182, 
      172, 
      163, 
      153, 
      144, 
      134, 
      126, 
      117, 
      109, 
      101, 
      94, 
      87, 
      81, 
      76, 
      71, 
      67, 
      63, 
      59, 
      56, 
      54, 
      52, 
      50, 
      49, 
      47, 
      46
    ]
  }, 
  "rate": 1.7, 
  "reason": "COB: 16, Dev: 61, BGI: -9.16, ISF: 83.3, Target: 80; Eventual BG 125 >= 80, 29m@1.625 = 0.785 > req 0.5402160864345739+0.1U. Setting temp basal of 1.7U/hr", 
  "COB": 16, 
  "eventualBG": 125, 
  "timestamp": "2016-08-07T01:49:24.333430", 
  "duration": 30, 
  "tick": "+1", 
  "IOB": 1.991
}