{
  "bg": 113, 
  "temp": "absolute", 
  "snoozeBG": 114, 
  "recieved": true, 
  "predBGs": {
    "IOB": [
      113, 
      110, 
      108, 
      106, 
      105, 
      104, 
      104, 
      103, 
      104, 
      104, 
      105, 
      106, 
      107, 
      109, 
      111, 
      113, 
      115, 
      117, 
      119, 
      121, 
      123, 
      124, 
      126, 
      128, 
      129, 
      130, 
      131, 
      132, 
      133, 
      134, 
      135, 
      135, 
      136, 
      136, 
      137
    ]
  }, 
  "rate": 0.675, 
  "reason": "COB: 0, Dev: -16, BGI: -0.22, ISF: 90, Target: 115; Eventual BG 114 < 115, 22m@-0.750 = -0.275 < req -0.022222222222222223-0.22499999999999998", 
  "COB": 0, 
  "eventualBG": 114, 
  "timestamp": "2016-09-07T00:53:21.987023", 
  "duration": 30, 
  "tick": "+1", 
  "IOB": -0.189
}