{
  "bg": 66, 
  "temp": "absolute", 
  "snoozeBG": 75, 
  "recieved": true, 
  "predBGs": {
    "aCOB": [
      66, 
      71, 
      75, 
      79, 
      81, 
      84, 
      85, 
      86, 
      87, 
      88, 
      90, 
      93, 
      96, 
      99, 
      103, 
      107, 
      110, 
      114, 
      118, 
      122, 
      125, 
      129, 
      132, 
      135, 
      138, 
      141, 
      143, 
      145, 
      147, 
      148, 
      149, 
      150, 
      151, 
      152, 
      153
    ], 
    "IOB": [
      66, 
      62, 
      59, 
      57, 
      55, 
      54, 
      53, 
      53, 
      54, 
      55, 
      57, 
      60, 
      63, 
      67, 
      70, 
      74, 
      78, 
      81, 
      85, 
      89, 
      93, 
      96, 
      99, 
      103, 
      105, 
      108, 
      110, 
      112, 
      114, 
      115, 
      117, 
      118, 
      119, 
      119, 
      120, 
      120, 
      121
    ]
  }, 
  "rate": 0.425, 
  "reason": "COB: 6, Dev: -29, BGI: 0.84, ISF: 112.5, Target: 80; Eventual BG 75 < 80, 27m@-0.600 = -0.270 < req -0.08888888888888889-0.18", 
  "COB": 6, 
  "eventualBG": 75, 
  "timestamp": "2016-08-19T20:33:17.991326", 
  "duration": 30, 
  "tick": "+8", 
  "IOB": -0.418
}