{
  "bg": 142, 
  "temp": "absolute", 
  "snoozeBG": 114, 
  "recieved": true, 
  "predBGs": {
    "IOB": [
      142, 
      141, 
      140, 
      139, 
      137, 
      135, 
      134, 
      132, 
      130, 
      129, 
      127, 
      126, 
      125, 
      124, 
      124, 
      123, 
      122, 
      122, 
      122, 
      122, 
      122, 
      122, 
      122, 
      122, 
      123, 
      123, 
      123, 
      124, 
      124, 
      125, 
      125, 
      126, 
      126, 
      126, 
      127
    ]
  }, 
  "reason": "COB: 0, Dev: -3, BGI: 0.36, ISF: 90, Target: 115; Eventual BG 114 < 115, 28m@-0.500 = -0.233 < req -0.022222222222222223-0.15", 
  "rate": 0.45, 
  "COB": 0, 
  "eventualBG": 114, 
  "timestamp": "2016-09-29T06:25:07.934365", 
  "duration": 30, 
  "tick": -1, 
  "IOB": 0.282
}