{
  "bg": 149, 
  "temp": "absolute", 
  "snoozeBG": 111, 
  "recieved": true, 
  "predBGs": {
    "IOB": [
      149, 
      145, 
      142, 
      139, 
      136, 
      134, 
      132, 
      130, 
      128, 
      126, 
      125, 
      123, 
      122, 
      121, 
      120, 
      119, 
      119, 
      118, 
      117, 
      117, 
      116, 
      116, 
      116, 
      115, 
      115, 
      115, 
      114, 
      114, 
      114, 
      114, 
      114, 
      115, 
      115, 
      115, 
      115, 
      116
    ]
  }, 
  "rate": 0.375, 
  "reason": "COB: 0, Dev: -13, BGI: 0.95, ISF: 90, Target: 115; Eventual BG 111 < 115, 28m@-0.550 = -0.257 < req -0.08888888888888889-0.165", 
  "COB": 0, 
  "eventualBG": 111, 
  "timestamp": "2016-09-05T08:12:33.696873", 
  "duration": 30, 
  "tick": -4, 
  "IOB": 0.279
}