{
  "bg": 118, 
  "temp": "absolute", 
  "snoozeBG": 114, 
  "recieved": true, 
  "predBGs": {
    "IOB": [
      118, 
      117, 
      116, 
      115, 
      114, 
      114, 
      113, 
      113, 
      113, 
      113, 
      113, 
      114, 
      114, 
      115, 
      116, 
      117, 
      118, 
      119, 
      120, 
      121, 
      122, 
      123, 
      125, 
      126, 
      127, 
      128, 
      128, 
      129, 
      130, 
      131, 
      131, 
      132, 
      133, 
      133, 
      133, 
      134
    ]
  }, 
  "reason": "COB: 0, Dev: -9, BGI: 0.27, ISF: 91, Target: 116; Eventual BG 114 < 116, 28m@-0.500 = -0.233 < req -0.044004400440044-0.15", 
  "rate": 0.4, 
  "COB": 0, 
  "eventualBG": 114, 
  "timestamp": "2016-09-21T04:59:00.748391", 
  "duration": 30, 
  "tick": "+0", 
  "IOB": -0.057
}