{
  "bg": 99, 
  "temp": "absolute", 
  "snoozeBG": 184, 
  "recieved": true, 
  "predBGs": {
    "COB": [
      99, 
      103, 
      106, 
      109, 
      111, 
      113, 
      114, 
      114, 
      113, 
      112, 
      110, 
      108, 
      105, 
      101, 
      98, 
      95, 
      92, 
      89, 
      87, 
      85, 
      83, 
      81, 
      80, 
      79, 
      79, 
      79, 
      79, 
      80, 
      81, 
      82, 
      84, 
      86, 
      89, 
      92, 
      95, 
      98, 
      101
    ], 
    "aCOB": [
      99, 
      106, 
      113, 
      119, 
      125, 
      129, 
      133, 
      136, 
      139, 
      140, 
      141, 
      141, 
      140, 
      139, 
      138, 
      137, 
      136, 
      135, 
      134, 
      133, 
      133, 
      132, 
      132, 
      133, 
      133, 
      134, 
      135, 
      136, 
      138, 
      140, 
      142, 
      144, 
      147, 
      150, 
      152, 
      155, 
      158
    ], 
    "IOB": [
      99, 
      102, 
      105, 
      106, 
      106, 
      106, 
      104, 
      101, 
      97, 
      92, 
      86, 
      78, 
      69, 
      61, 
      53, 
      44, 
      39
    ]
  }, 
  "rate": 1.375, 
  "reason": "COB: 62, Dev: 38, BGI: -2.51, ISF: 67.8, Target: 80; Eventual BG 101 >= 80, 28m@1.175 = 0.548 > req 0.3097345132743363+0.1U. Setting temp basal of 1.4U/hr", 
  "COB": 62, 
  "eventualBG": 101, 
  "timestamp": "2016-08-07T16:54:46.082168", 
  "duration": 30, 
  "tick": "+4", 
  "IOB": 1.941
}