{
  "bg": 149, 
  "temp": "absolute", 
  "snoozeBG": 115, 
  "recieved": true, 
  "predBGs": {
    "IOB": [
      149, 
      150, 
      150, 
      150, 
      150, 
      149, 
      147, 
      146, 
      144, 
      141, 
      138, 
      135, 
      131, 
      128, 
      124, 
      120, 
      117, 
      113, 
      110, 
      107, 
      104, 
      101, 
      98, 
      96, 
      93, 
      91, 
      89, 
      88, 
      86, 
      85, 
      84, 
      83, 
      82, 
      81, 
      80
    ]
  }, 
  "rate": 0.975, 
  "reason": "COB: 0, Dev: 18, BGI: -2.05, ISF: 72.1, Target: 110; Eventual BG 115 >= 110, 25m@0.975 = 0.406 > req 0.0693481276005548+0.1U. Setting temp basal of 0.975U/hr", 
  "COB": 0, 
  "eventualBG": 115, 
  "timestamp": "2016-08-08T00:07:59.586895", 
  "duration": 30, 
  "tick": "+1", 
  "IOB": 0.724
}